<?xml version="1.0" encoding="UTF-8"?>
<!DOCTYPE mapper
  PUBLIC "-//mybatis.org//DTD Mapper 3.0//EN"
  "http://mybatis.org/dtd/mybatis-3-mapper.dtd"> <!-- mybatis-3-mapper.dtd에 주목 -->
<mapper namespace="EAIS">

	<insert id="insertData" parameterType="DataVO">
		insert into eais
		(MGM_BLDRGST_PK,EXPOS_PUBUSE_GB_CD,MAIN_PURPS_CD,EXPOS_PUBUSE_GB_CD_NM,MAIN_PURPS_CD_NM,SIGUNGU_CD,FLR_NO_NM,REGSTR_KIND_CD,FLR_GB_CD_NM,AREA,FLR_GB_CD,FLR_NO,REGSTR_KIND_CD_NM,NA_ROAD_CD,NEW_PLAT_PLC,NA_UGRND_CD,DONG_NM,REGSTR_GB_CD_NM,BUN,STRCT_CD_NM,NA_MAIN_BUN,REGSTR_GB_CD,MAIN_ATCH_GB_CD,BLD_NM,ETC_PURPS,CRTN_DAY,NA_BJDONG_CD,SPLOT_NM,BLOCK,NA_SUB_BUN,LOT,BJDONG_CD,PLAT_GB_CD,ETC_STRCT,PLAT_PLC,HO_NM,MAIN_ATCH_GB_CD_NM,STRCT_CD,JI)
		values
		(#{MGM_BLDRGST_PK},#{EXPOS_PUBUSE_GB_CD},#{MAIN_PURPS_CD},#{EXPOS_PUBUSE_GB_CD_NM},#{MAIN_PURPS_CD_NM},#{SIGUNGU_CD},#{FLR_NO_NM},#{REGSTR_KIND_CD},#{FLR_GB_CD_NM},#{AREA},#{FLR_GB_CD},#{FLR_NO},#{REGSTR_KIND_CD_NM},#{NA_ROAD_CD},#{NEW_PLAT_PLC},#{NA_UGRND_CD},#{DONG_NM},#{REGSTR_GB_CD_NM},#{BUN},#{STRCT_CD_NM},#{NA_MAIN_BUN},#{REGSTR_GB_CD},#{MAIN_ATCH_GB_CD},#{BLD_NM},#{ETC_PURPS},#{CRTN_DAY},#{NA_BJDONG_CD},#{SPLOT_NM},#{BLOCK},#{NA_SUB_BUN},#{LOT},#{BJDONG_CD},#{PLAT_GB_CD},#{ETC_STRCT},#{PLAT_PLC},#{HO_NM},#{MAIN_ATCH_GB_CD_NM},#{STRCT_CD},#{JI})
	</insert>

	<insert id="insertDataSet" parameterType="java.util.List" useGeneratedKeys="true" keyProperty="ID">
		insert into eais
		(MGM_BLDRGST_PK,EXPOS_PUBUSE_GB_CD,MAIN_PURPS_CD,EXPOS_PUBUSE_GB_CD_NM,MAIN_PURPS_CD_NM,SIGUNGU_CD,FLR_NO_NM,REGSTR_KIND_CD,FLR_GB_CD_NM,AREA,FLR_GB_CD,FLR_NO,REGSTR_KIND_CD_NM,NA_ROAD_CD,NEW_PLAT_PLC,NA_UGRND_CD,DONG_NM,REGSTR_GB_CD_NM,BUN,STRCT_CD_NM,NA_MAIN_BUN,REGSTR_GB_CD,MAIN_ATCH_GB_CD,BLD_NM,ETC_PURPS,CRTN_DAY,NA_BJDONG_CD,SPLOT_NM,BLOCK,NA_SUB_BUN,LOT,BJDONG_CD,PLAT_GB_CD,ETC_STRCT,PLAT_PLC,HO_NM,MAIN_ATCH_GB_CD_NM,STRCT_CD,JI)
		values
		<foreach collection="list" item="item" separator=",">
			(#{item.MGM_BLDRGST_PK},#{item.EXPOS_PUBUSE_GB_CD},#{item.MAIN_PURPS_CD},#{item.EXPOS_PUBUSE_GB_CD_NM},#{item.MAIN_PURPS_CD_NM},#{item.SIGUNGU_CD},#{item.FLR_NO_NM},#{item.REGSTR_KIND_CD},#{item.FLR_GB_CD_NM},#{item.AREA},#{item.FLR_GB_CD},#{item.FLR_NO},#{item.REGSTR_KIND_CD_NM},#{item.NA_ROAD_CD},#{item.NEW_PLAT_PLC},#{item.NA_UGRND_CD},#{item.DONG_NM},#{item.REGSTR_GB_CD_NM},#{item.BUN},#{item.STRCT_CD_NM},#{item.NA_MAIN_BUN},#{item.REGSTR_GB_CD},#{item.MAIN_ATCH_GB_CD},#{item.BLD_NM},#{item.ETC_PURPS},#{item.CRTN_DAY},#{item.NA_BJDONG_CD},#{item.SPLOT_NM},#{item.BLOCK},#{item.NA_SUB_BUN},#{item.LOT},#{item.BJDONG_CD},#{item.PLAT_GB_CD},#{item.ETC_STRCT},#{item.PLAT_PLC},#{item.HO_NM},#{item.MAIN_ATCH_GB_CD_NM},#{item.STRCT_CD},#{item.JI})
		</foreach>
	</insert>

	<select id="selectDataSet" resultType="DataVO">
		select * from eais
	</select>

	<select id="selectData" parameterType="string" resultType="DataVO">
		select * from eais where MGM_BLDRGST_PK = #{MGM_BLDRGST_PK}
	</select>

</mapper>